input,layer_Freezing,Base_Model,Lora_finetuned
The tree is large with many branches and deeply drawn roots,"The expansive tree suggests ambition, a striving for growth, or possibly overwhelming feelings.  The branches could represent a complex thought process or a chaotic feeling landscape.  It may also indicate a tendency towards over-analysis.  A deeply rooted connection to the ground could reflect a need for grounding or a desire to feel secure.","The HTP Test, also known as the house-tree-person drawing technique, provides insight into one's personality through visual elements such as trees, houses, people, or other objects. In this case, we're analyzing a representation that depicts a massive tree with numerous branches and deep-rooted structure.

**Psychological Interpretation:** 

1. **Strength and Stability**: 
   - A strong presence represented by the 'tree' indicates significant strength and stability in various aspects of life.
   
2. **Roots vs. Branches**:
   - Deeply rooted structures often symbolize grounding oneself firmly in fundamental values, beliefs, and emotional security. This suggests someone who has established solid foundations for their personal philosophy and relationships.

3. **Complexity and Depth**:
    - Many branching levels suggest complexity and depth within individuals both intellectually and emotionally, indicating a person capable of engaging multiple areas to find solutions and connections.

4. **Connectivity and Relationships**:
     - Richness of branch development","This indicates significant growth potential and potentially underlying issues related to dependency or difficulty establishing boundaries. The expansive nature of both the tree and its roots suggests an overwhelming need for external support and resources, possibly reflecting feelings of insecurity or lack of self-esteem. It could also signify difficulties in forming healthy relationships due to excessive reliance on others."
"The house is small with no doors or windows, and no smoke from the chimney","This drawing indicates a potential for difficulty with organization and control, specifically related to accessing resources and opportunities. The absence of a chimney suggests a resistance to accepting warmth and emotional connection, while the lack of doors and windows may represent a struggle with external influences and a preference for isolation.","The imagery presented for this House Tree Person (HTP) assessment suggests several underlying themes that can be interpreted through various perspectives:

1. **Emotional State**: There's often an indication of emotional distress within individuals who report seeing such images. In this case, it could represent feelings of sadness, hopelessness, emptiness, loneliness, fear, depression, isolation, or grief.

2. **Inhibition**: Some interpretations might consider these elements as indicative of self-imposed restrictions or inhibition, reflecting inner pressure to conform externally while internally feeling compelled by something deeply personal but suppressed.

3. **Disconnection**: This configuration also points towards disconnection between oneself and their environment?possibly due to a sense of alienation, lack of belonging, or being detached emotionally.
  
4. **Lack of Personal Growth**: It may reflect stagnation where there¡¯s little sign of individual growth, development, or positive change over time.

5. **Negative Self-Assessment**: These symbols suggest someone feels unapprec","This suggests an underlying feeling of isolation, detachment, and possibly unresolved grief or loss. The lack of visual stimuli within the structure could indicate difficulty forming relationships or experiencing feelings of emptiness. It may also reflect difficulties coping with external pressures or challenges."
The person's hands are hidden behind their back and the face has no expression,"The hidden hands and incomplete facial expression, combined with the overall profile, indicate feelings of sadness, hopelessness, or a lack of self-esteem. This combination is often associated with depressive symptoms, suggesting a potential for depression.","Interpreting an HTP Test from this specific caption involves understanding both the content presented by the participant as well as how it might reflect underlying emotional or cognitive states not immediately apparent to others.
The ""hands hidden behind the back"" typically suggests that there is discomfort, anxiety about some aspect related to emotions being shown externally but avoided through physical action (""secretly""). This can indicate repressed feelings or strong anxieties which may be concerning due to cultural norms around public expressions of emotion.

The lack of facial expression further emphasizes potential internal conflict and stress. It could suggest:
1. Difficulty expressing one¡¯s true thoughts or feelings directly,
2. High levels of self-consciousness where they feel judged for what cannot be said verbally,
3. Possible depression or other mental health conditions affecting verbal communication abilities without impairment in non-verbal cues like body language or gestures.

This combination hints at deeper issues with social engagement, possibly relating to low confidence in displaying genuine human interaction patterns such as smiling or nodding during conversation despite","In this context, it suggests defensiveness or difficulty expressing emotions openly. The obscured hand position might indicate anxiety about social interaction or fear of vulnerability. Additionally, without facial expression, there could be a reluctance to engage with others due to perceived judgment or insecurity regarding one¡¯s own feelings. This is often associated with depression and low self-esteem within psychology assessments."
The tree trunk has holes and the branches are drooping downward,"The depiction of a stunted, hole-like tree with fallen branches suggests feelings of vulnerability, sadness, and a lack of emotional stability. It may indicate depression or a sense of being overwhelmed by external circumstances.","Analyzing the House-Treasureperson Test (HTP), which is often used to gain insights into one's personality, emotional state or personal growth journey through visual interpretations, can be quite profound.

The depiction you've described?a house with both ""holes"" representing potential challenges or vulnerabilities (""H"") and its branches ""dropping down,"" symbolizing depression?can suggest several layers of meaning:

1. **Depression as Emotional Burden**: This imagery might indicate that the individual feels overwhelmed by life¡¯s pressures or internal conflicts, leading them to feel emotionally drained and possibly burdened. Depression involves experiencing prolonged sadness or hopelessness without any significant external cause for it.

2. **Self-Doubt and Inner Criticism**: The presence of ""holes""?symbolic representations of vulnerability or lack of certainty about oneself?might reflect ongoing self-doubts or insecurities. Individuals who struggle from this area may tend to evaluate themselves harshly or have doubts about their abilities.

3. **Potential Vulner",This indicates potential feelings of insecurity or instability in the individual's life experiences. The broken structure suggests difficulties coping with external pressures and potentially unresolved conflicts from past events. It could also represent underlying anxieties about future challenges. The overall impression points to an emotional state characterized by vulnerability and perhaps difficulty trusting oneself or others.
The house has an excessively large roof with many complex decorations,"This indicates a possible preoccupation with control, structure, or a need for order in the subject's life. The expansive roof suggests a desire for security and stability, while the complex additions may represent a struggle to manage aspects of their environment or a tendency towards overthinking and excessive detail.","The provided HTP picture depicts a home that appears to have both grandeur and complexity, reflecting specific aspects of personality or mental state as interpreted through this form of assessment.

1. **Excessively Large Roof**: This feature suggests potential instability issues within one's personal life or emotions. It might indicate periods of extreme highs followed by deep lows, similar to how rain may fall after sun-drenched days but can lead to discomfort when overcast again.
   
2. **Complex Decorations**:
    - These could symbolize confusion and indecision surrounding daily decisions or choices. Individuals often express their thoughts visually during these times using intricate details for clarity rather than direct communication methods like words.
    - They also suggest creativity and imaginative thinking processes where people explore various possibilities simultaneously without clear conclusions emerging from them until later stages of reflection.

3. **Interpretation Based on Personality Traits**:
   - A person who tends towards visual expression and likes to see things clearly before making judgments likely finds value in understanding","This suggests potential issues related to control, power dynamics within relationships, or difficulties managing overwhelming responsibilities at home due to excessive decoration reflecting an inflated sense of self-importance. The complexity indicates cognitive overactivity and potentially difficulty concentrating on practical tasks necessary for maintaining family stability."
The tree is drawn in the corner with very thin trunk and sparse leaves,"The depiction of a small, simplified tree alongside a negative assessment, coupled with a truncated and dead tree, points to low mental motivation, avoidance, and a withdrawal from social interaction ? hallmarks of individuals experiencing irritability, sensitivity, and potentially, a heightened state of anxiety.","Analyzing an HTM, also known as House-Treemap Test (often referred to simply as ""HT""), requires understanding not just what's depicted but how it might reflect specific aspects of cognitive functioning or personality traits associated with various branches within psychology.

For this particular HTM:

1. **The Corner**: This part often represents introspection and self-analysis. It suggests that the person may be engaged deeply in their own mental processes rather than focusing externally.

2. **Very Thin Trunk**:
   - In psychology, thinner trunks can indicate individuals who perceive themselves more internally.
   - They tend to focus on personal feelings, thoughts, needs, and internal states.
   
3. **Sparse Leaves**:
    - Sparse leaves generally represent fewer external influences impacting one¡¯s perception directly from surroundings like social environments, media, etc.
    
4. **Interpretation**:
     - This combination likely points towards someone who has strong inner awareness, possibly high levels of intellectual engagement.
     
5.",This suggests a potential difficulty in establishing stable foundations or relationships. The lack of robustness indicates underlying instability and possibly feelings of insecurity related to emotional connections and support systems. It may reflect an avoidance strategy for vulnerability and dependence. Further exploration into anxiety-related themes could be warranted.
The person is drawn very small at the bottom of the page with no facial features,"The depiction of a person as dead, small, and incomplete suggests low mental motivation, regression, and possibly a heightened state of anxiety or depression. This indicates a significant lack of self-esteem and a potential difficulty in establishing healthy interpersonal relationships. It could also point to a sense of being overwhelmed by external circumstances, perhaps reflecting a history of trauma or a current feeling of helplessness.","The provided HTP Test image depicts a subject that appears to be extremely diminutive, almost invisible compared to their environment or context depicted elsewhere within this hypothetical sketch pad scenario. This reductionist approach could symbolize various aspects of human perception, identity formation, social status, power dynamics, or individual insignificance depending upon additional contextual information.

One possible interpretation is related to feelings of being overlooked or marginalized:
1. **Invisibility as Powerlessness:** Drawing oneself so drastically smaller than others might signify feeling powerless or insignificant.
2. **Social Inclusivity vs Exclusion:** It may also reflect thoughts about how exclusionary one feels from larger societal groups where they perceive themselves not belonging due to size, shape, ability, etc., emphasizing internalized prejudices or struggles against discrimination for physical appearance alone.
3. **Self-Doubt & Identity Exploration:** On another note, it's worth considering if drawing someone down-sized represents self-doubt regarding personal achievements relative to others' expectations.

Psychologically speaking, such","This suggests significant regression to earlier developmental stages or difficulty processing complex information due to fear or anxiety, potentially indicative of dissociation or disconnection from reality. The lack of detail reflects an inability to engage fully with external stimuli."
The house has heavily shaded walls and windows with bars,"This indicates significant anxiety regarding the subject's current situation, potentially linked to feelings of isolation or vulnerability within their family environment. The ' bars' suggest a guarded or inhibited state, reflecting a defensive posture against perceived threats or pressures.","The imagery presented, depicting a significantly shadowed ""house"" that features heavy shading for both its external walls as well as its window panes, suggests several potential interpretations related to various aspects of human psychology:

1. **Cognitive Impairment or Mental Distress**: This configuration could indicate cognitive difficulties or mental distress caused by stress-related factors such as depression, anxiety disorders, or other psychiatric conditions affecting memory function or visual perception.

2. **Mental Strain from Emotional Burden**: Excessive emotional strain can lead individuals into states where they experience significant reductions in energy levels, causing them to appear less active physically and mentally compared to others of similar age.

3. **Isolation Anxiety**: In contexts like being indoors due to weather concerns (e.g., extreme cold), this may be interpreted through the lens of social isolation resulting in feelings of loneliness and confinement which might manifest physically via reduced physical activity and mental engagement.

4. **Obsessive Thinking about Health/Physical Issues**: If one is","This indicates potential difficulties related to trust, vulnerability, or feelings of being restricted by relationships. The shading suggests avoidance of open communication and potentially underlying anxiety about personal connections. It could also represent an internalized fear of judgment or rejection. This feature is commonly associated with depressive symptoms and interpersonal distress within personality disorders."
The tree has broken branches and appears to be leaning to one side,"The decaying tree could symbolize a fragmented sense of self, a feeling of instability or a lack of grounding, potentially reflecting underlying feelings of insecurity or anxiety.","The emotional state depicted by this HTP Test result, with its prominent features resembling those described for ""leaning"" or ""overextended,"" is likely indicative of feelings related to imbalance or insecurity about personal boundaries, roles within relationships, career success, or overall life stability.

1. **Leaning**: This aspect suggests a sense of vulnerability or being pulled away from oneself towards another person, which could indicate discomfort around intimate connections, fear of rejection, or anxiety over potential loss.
   
2. **Breaks/branching**:
   - These elements can symbolize challenges that may have weakened someone's support system internally or externally (""broken down""), possibly due to past experiences like betrayal, failure, or criticism. They might also represent vulnerabilities where emotions need to be managed more carefully.
  
3. **Bending & Crumbling at base / Roots**: 
    - If these roots appear bent toward each other rather than extending outward into space as they usually would if fully supported by their environment, it hints at",This indicates potential instability or difficulty managing stress within the individual's life. The asymmetrical structure of both the house and person could signify an imbalance in their sense of self-worth and emotional regulation skills. It may reflect underlying anxiety or feelings of being overwhelmed by external pressures. Further exploration into coping mechanisms and support systems would be warranted.
The person has unusually large hands and feet with exaggerated details,"The depiction of extremely long and muscular arms and feet, combined with the overall HTP composition, suggests a preoccupation with physical capabilities and perhaps a distorted perception of reality, potentially indicative of delusional thinking or a detachment from immediate sensory experience.","When analyzing this particular HTP image, several aspects can be considered to infer potential underlying psychological factors or conditions that may exist:

1. **Sensory Experience**: The presence of oversized limbs suggests heightened sensory experience or hyper-sensitivity. This could indicate that the individual is more attuned to their environment through sight, sound, touch, taste, smell, or other senses.

2. **Perceptual Distortion**: There might be perceptual distortions where visual sensations seem overdeveloped due to either actual physical differences or certain neurological issues affecting perception. Some individuals who have experienced trauma, chronic pain syndromes, or neurodevelopmental disorders often exhibit such discrepancies between what they perceive versus how things appear visually described by others.

3. **Attention Span**: Large bodies require significantly more energy for movement and activities compared to smaller ones; thus, there's likely intense engagement required during daily life?possibly indicating difficulty maintaining focus without constant stimulation from tasks related to these larger body parts.

4. **An","This indicates potential difficulties regulating emotions or experiencing heightened sensory perceptions ? specifically, an overabundance of sensation that may manifest as anxiety or hyperarousal. The detailed representation suggests intense feelings being experienced internally rather than externally observed situations."
